{
	"info": {
		"_postman_id": "b2fd05fb-c071-4b42-a611-7fbecebb32a4",
		"name": "Job Portal API",
		"schema": "https://schema.getpostman.com/json/collection/v2.1.0/collection.json"
	},
	"item": [
		{
			"name": "Users & Auth",
			"item": [
				{
					"name": "Register User",
					"request": {
						"method": "POST",
						"header": [
							{
								"key": "Content-Type",
								"value": "application/json",
								"type": "text"
							}
						],
						"body": {
							"mode": "raw",
							"raw": "{\r\n    \"name\":\"denver\",\r\n    \"email\":\"denver@gmail.com\",\r\n    \"password\":\"123678\"\r\n}"
						},
						"url": {
							"raw": "http://localhost:5000/api/users",
							"protocol": "http",
							"host": [
								"localhost"
							],
							"port": "5000",
							"path": [
								"api",
								"users"
							]
						}
					},
					"response": []
				},
				{
					"name": "Login User",
					"request": {
						"method": "POST",
						"header": [
							{
								"key": "Content-Type",
								"value": "application/json",
								"type": "text"
							}
						],
						"body": {
							"mode": "raw",
							"raw": "{\r\n    \"email\":\"tokyo@gmail.com\",\r\n    \"password\":\"123678\"\r\n}"
						},
						"url": {
							"raw": "http://localhost:5000/api/auth",
							"protocol": "http",
							"host": [
								"localhost"
							],
							"port": "5000",
							"path": [
								"api",
								"auth"
							]
						}
					},
					"response": []
				},
				{
					"name": "Get logged in User",
					"request": {
						"method": "GET",
						"header": [
							{
								"key": "x-auth-token",
								"value": "eyJhbGciOiJIUzI1NiIsInR5cCI6IkpXVCJ9.eyJ1c2VyIjp7ImlkIjoiNWY0M2NkYzdlODMwMWEzM2M4NWRmNjNhIiwicm9sZSI6InVzZXIifSwiaWF0IjoxNTk4Mjc5MTExLCJleHAiOjE1OTg2MzkxMTF9.i8RB9dPvwaDPPEaUDWK49rvB4BaluEyXvdMXolSqAG8",
								"type": "text"
							}
						],
						"url": {
							"raw": "http://localhost:5000/api/auth",
							"protocol": "http",
							"host": [
								"localhost"
							],
							"port": "5000",
							"path": [
								"api",
								"auth"
							]
						}
					},
					"response": []
				},
				{
					"name": "Upload CV/Resume",
					"request": {
						"method": "POST",
						"header": [
							{
								"key": "x-auth-token",
								"value": "eyJhbGciOiJIUzI1NiIsInR5cCI6IkpXVCJ9.eyJ1c2VyIjp7ImlkIjoiNWY0NGI2YjcyNjg4NjIyMDBjN2VmNTUyIiwicm9sZSI6InVzZXIiLCJhcHBsaWVkSm9icyI6W119LCJpYXQiOjE1OTgzNDc1MzcsImV4cCI6MTU5ODcwNzUzN30.SLNpG4pQ5k0vEoGJaVbn9E0pme_Hu4KkN-uhI9-JooU",
								"type": "text"
							}
						],
						"body": {
							"mode": "formdata",
							"formdata": [
								{
									"key": "cv",
									"type": "file",
									"src": "/D:/bri/work/Docs/CV-Brijesh_old.pdf"
								}
							]
						},
						"url": {
							"raw": "http://localhost:5000/api/user/cv",
							"protocol": "http",
							"host": [
								"localhost"
							],
							"port": "5000",
							"path": [
								"api",
								"user",
								"cv"
							]
						}
					},
					"response": []
				}
			],
			"protocolProfileBehavior": {}
		},
		{
			"name": "Job",
			"item": [
				{
					"name": "Create Job(Authorized to Admin)",
					"request": {
						"method": "POST",
						"header": [
							{
								"key": "Content-Type",
								"value": "application/json",
								"type": "text"
							},
							{
								"key": "x-auth-token",
								"value": "eyJhbGciOiJIUzI1NiIsInR5cCI6IkpXVCJ9.eyJ1c2VyIjp7ImlkIjoiNWY0NGI2OTgyNjg4NjIyMDBjN2VmNTUxIiwicm9sZSI6ImFkbWluIiwiYXBwbGllZEpvYnMiOltdfSwiaWF0IjoxNTk4MzQ0OTQ3LCJleHAiOjE1OTg3MDQ5NDd9.6W2_7qLyUF7yA9GilS07tZ3ACOSIVjaZAOBfIrneLw8",
								"type": "text"
							}
						],
						"body": {
							"mode": "raw",
							"raw": "{\r\n    \"name\": \"Job 6\",\r\n    \"desc\": \"Job 6 details\"\r\n}"
						},
						"url": {
							"raw": "http://localhost:5000/api/job",
							"protocol": "http",
							"host": [
								"localhost"
							],
							"port": "5000",
							"path": [
								"api",
								"job"
							]
						}
					},
					"response": []
				},
				{
					"name": "Apply for a Job",
					"request": {
						"method": "PUT",
						"header": [
							{
								"key": "x-auth-token",
								"value": "eyJhbGciOiJIUzI1NiIsInR5cCI6IkpXVCJ9.eyJ1c2VyIjp7ImlkIjoiNWY0NGI2YjcyNjg4NjIyMDBjN2VmNTUyIiwicm9sZSI6InVzZXIiLCJhcHBsaWVkSm9icyI6W119LCJpYXQiOjE1OTgzNDc1MzcsImV4cCI6MTU5ODcwNzUzN30.SLNpG4pQ5k0vEoGJaVbn9E0pme_Hu4KkN-uhI9-JooU",
								"type": "text"
							}
						],
						"body": {
							"mode": "raw",
							"raw": ""
						},
						"url": {
							"raw": "http://localhost:5000/api/job/5f44cf96d63feb0fa835fbdf/apply",
							"protocol": "http",
							"host": [
								"localhost"
							],
							"port": "5000",
							"path": [
								"api",
								"job",
								"5f44cf96d63feb0fa835fbdf",
								"apply"
							]
						}
					},
					"response": []
				}
			],
			"protocolProfileBehavior": {}
		}
	],
	"protocolProfileBehavior": {}
}